File,β (°C/min),E₀ (kJ/mol),σ (kJ/mol),A (1/s),R²
wallnut@10 (600micron).txt,10,105.8102072224363,26.111825474780925,10002969197.570292,0.9908048455755704
wallnut@20 (600micron).txt,20,172.80919993762964,38.05475374551126,9999999999860778.0,0.992330085853824
wallnut@40 (600micron).txt,40,170.83122515009373,37.130597341856834,9999999974130166.0,0.9930188863170978
wallnut@60 (600micron).txt,60,171.93240525824632,36.41672821695709,9999999999002658.0,0.994441580360784
