α,Ea (kJ/mol),Intercept,R²
0.1,89.3031815007694,24.256824493371717,0.8835097315233417
0.2,260.2474672626951,57.66153585159587,0.8749685643786944
0.30000000000000004,338.56682087977447,70.13896911676474,0.9864991918589536
0.4,388.4515974298103,76.86493221985299,0.9854481255525918
0.5,429.9892879641941,81.37858166891786,0.9889750541453306
0.6,439.2984641081735,80.3153718166619,0.9971237446450044
0.7000000000000001,643.7031674289516,114.09217715015009,0.8989338322611435
0.8,-71.99150128667091,-16.239421434859906,0.00915234926810547
0.9,-250.5480829131622,-42.26366159066002,0.2865601608684847
