α,Slope,Intercept,R²,Ea (kJ/mol)
0.1,-5281.310571325125,17.200440323894945,0.9185482775843932,41.754
0.2,-15347.365337045776,33.597836253374865,0.8634534333977317,121.337
0.3,-20068.880745103972,39.438966576636055,0.9827987970437201,158.666
0.4,-23054.594108152723,42.7690568600598,0.9852399959210633,182.271
0.5,-25971.069487690904,45.7082455421934,0.9865017269267646,205.329
0.6,-26516.596948114886,45.01137796018639,0.9944582424727273,209.641
0.7,-34729.27590536913,55.93844810710411,0.946631653729186,274.571
0.8,515.1489215663171,2.548255728610022,0.00015139050242089715,-4.073
0.9,13031.380321440598,-13.028829628199283,0.2552285096234285,-103.027
